-- MySQL dump 10.13  Distrib 5.5.35, for debian-linux-gnu (x86_64)
--
-- Host: localhost    Database: cisc474_p2
-- ------------------------------------------------------
-- Server version	5.5.35-0ubuntu0.12.04.2

/*!40101 SET @OLD_CHARACTER_SET_CLIENT=@@CHARACTER_SET_CLIENT */;
/*!40101 SET @OLD_CHARACTER_SET_RESULTS=@@CHARACTER_SET_RESULTS */;
/*!40101 SET @OLD_COLLATION_CONNECTION=@@COLLATION_CONNECTION */;
/*!40101 SET NAMES utf8 */;
/*!40103 SET @OLD_TIME_ZONE=@@TIME_ZONE */;
/*!40103 SET TIME_ZONE='+00:00' */;
/*!40014 SET @OLD_UNIQUE_CHECKS=@@UNIQUE_CHECKS, UNIQUE_CHECKS=0 */;
/*!40014 SET @OLD_FOREIGN_KEY_CHECKS=@@FOREIGN_KEY_CHECKS, FOREIGN_KEY_CHECKS=0 */;
/*!40101 SET @OLD_SQL_MODE=@@SQL_MODE, SQL_MODE='NO_AUTO_VALUE_ON_ZERO' */;
/*!40111 SET @OLD_SQL_NOTES=@@SQL_NOTES, SQL_NOTES=0 */;

--
-- Table structure for table `auditlogs`
--

DROP TABLE IF EXISTS `auditlogs`;
/*!40101 SET @saved_cs_client     = @@character_set_client */;
/*!40101 SET character_set_client = utf8 */;
CREATE TABLE `auditlogs` (
  `log_id` bigint(20) NOT NULL AUTO_INCREMENT,
  `user_id` bigint(20) NOT NULL,
  `action_name` varchar(200) NOT NULL,
  `action_date` datetime NOT NULL,
  PRIMARY KEY (`log_id`)
) ENGINE=InnoDB AUTO_INCREMENT=115 DEFAULT CHARSET=latin1;
/*!40101 SET character_set_client = @saved_cs_client */;

--
-- Dumping data for table `auditlogs`
--

LOCK TABLES `auditlogs` WRITE;
/*!40000 ALTER TABLE `auditlogs` DISABLE KEYS */;
INSERT INTO `auditlogs` VALUES (1,1,'User admin set a new pen width.','2014-03-06 18:58:17'),(2,1,'User admin set a new pen width.','2014-03-06 19:10:46'),(3,1,'User admin set a new pen width.','2014-03-06 19:22:42'),(4,1,'User test has been saved.','2014-03-06 19:25:13'),(5,1,'User becomes user_id 2','2014-03-06 19:25:25'),(6,2,'User becomes user_id 2','2014-03-06 19:25:56'),(7,2,'User becomes user_id 2','2014-03-06 19:26:21'),(8,2,'User test set a new pen width.','2014-03-06 19:26:24'),(9,2,'User test set a new pen width.','2014-03-06 19:27:00'),(10,2,'User test set a new pen width.','2014-03-06 19:27:02'),(11,2,'Log Out','2014-03-06 19:27:37'),(12,1,'Log in by admin from 198.168.1.13','2014-03-06 19:27:41'),(13,1,'Deleted User with ID 2','2014-03-06 19:28:29'),(14,1,'User mega has been saved.','2014-03-06 19:28:36'),(15,1,'User becomes user_id 3','2014-03-06 19:28:45'),(16,3,'User mega set a new pen width.','2014-03-06 19:28:50'),(17,1,'User admin set a new pen width.','2014-03-06 19:50:37'),(18,1,'User admin set a new pen width.','2014-03-06 19:57:37'),(19,1,'User admin set a new pen width.','2014-03-06 19:58:01'),(20,1,'User admin set a new pen width.','2014-03-06 19:58:17'),(21,1,'admin added a new document gtrf','2014-03-06 20:09:23'),(22,1,'admin added a new document NewDoc','2014-03-06 20:09:41'),(23,1,'Log in by admin from 10.211.55.2','2014-03-25 09:03:23'),(24,1,'Log in by admin from 10.211.55.2','2014-03-25 09:15:10'),(25,1,'Log in by admin from 10.211.55.2','2014-03-25 12:26:29'),(26,1,'Log Out','2014-03-25 12:28:07'),(27,1,'Log in by admin  from 10.211.55.2','2014-03-25 12:34:43'),(28,1,'User admin set a new pen width.','2014-03-25 12:48:48'),(29,1,'admin added a new document test','2014-03-25 12:52:07'),(30,1,'Log in by admin from 10.211.55.2','2014-03-25 15:34:12'),(31,1,'Log Out','2014-03-25 15:55:29'),(32,1,'Log in by admin  from 10.211.55.2','2014-03-25 15:55:34'),(33,1,'Log Out','2014-03-25 15:56:25'),(34,1,'Log in by admin from 10.211.55.2','2014-03-25 15:56:33'),(35,1,'Log Out','2014-03-25 16:02:21'),(36,1,'Log in by admin from 10.211.55.2','2014-03-25 16:02:26'),(37,1,'Log Out','2014-03-25 16:35:06'),(38,1,'Log in by admin from 10.211.55.2','2014-03-25 16:35:09'),(39,1,'Log Out','2014-03-25 16:39:39'),(40,1,'Log in by admin from 10.211.55.2','2014-03-25 16:39:46'),(41,1,'Log Out','2014-03-25 16:40:23'),(42,1,'Log in by admin from 10.211.55.2','2014-03-25 16:40:27'),(43,1,'Log in by admin from 10.211.55.2','2014-03-31 20:23:15'),(44,1,'admin added a new document ','2014-03-31 21:15:37'),(45,1,'admin added a new document ','2014-03-31 21:15:46'),(46,1,'admin added a new document ','2014-03-31 21:16:00'),(47,1,'admin added a new document ','2014-03-31 21:17:13'),(48,1,'admin added a new document nothing ','2014-04-01 00:16:42'),(49,1,'Log Out','2014-04-01 00:28:41'),(50,1,'Log in by admin  from 10.211.55.2','2014-04-01 00:28:50'),(51,1,'Log Out','2014-04-01 00:40:49'),(52,1,'Log in by admin from 10.211.55.2','2014-04-01 00:41:14'),(53,1,'Log Out','2014-04-01 00:47:16'),(54,1,'Log in by admin  from 10.211.55.2','2014-04-01 00:47:26'),(55,1,'Log in by admin from 10.211.55.2','2014-04-01 01:47:13'),(56,1,'Log in by admin from 10.211.55.2','2014-04-02 12:31:51'),(57,1,'User sean has been saved.','2014-04-02 13:46:42'),(58,1,'User sean has been saved.','2014-04-02 13:49:08'),(59,1,'Log Out','2014-04-02 13:49:12'),(60,5,'Log in by sean from 10.211.55.2','2014-04-02 13:49:17'),(61,5,'Log Out','2014-04-02 13:49:20'),(62,0,'Failed Login Attempt from 10.211.55.2; Username:admin','2014-04-03 15:16:00'),(63,0,'Failed Login Attempt from 10.211.55.2; Username:admin','2014-04-03 15:16:06'),(64,5,'Log in by sean from 10.211.55.2','2014-04-03 15:16:23'),(65,5,'Log Out','2014-04-03 15:16:30'),(66,0,'Failed Login Attempt from 10.211.55.2; Username:admin','2014-04-03 15:18:39'),(67,0,'Failed Login Attempt from 10.211.55.2; Username:admin ','2014-04-03 15:18:46'),(68,5,'Log in by sean from 10.211.55.2','2014-04-03 15:19:41'),(69,5,'User admin has been saved.','2014-04-03 15:20:48'),(70,5,'User mega has been saved.','2014-04-03 15:22:06'),(71,5,'Log Out','2014-04-03 15:30:55'),(72,5,'Log in by sean from 10.211.55.2','2014-04-03 15:31:03'),(73,5,'Log Out','2014-04-03 16:19:39'),(74,5,'Log in by sean from 10.211.55.2','2014-04-03 16:19:44'),(75,5,'Log in by sean from 10.211.55.2','2014-04-03 17:03:34'),(76,1,'Log in by admin from 10.211.55.2','2014-04-03 17:04:14'),(77,1,'Log in by admin from 10.211.55.2','2014-04-03 17:04:57'),(78,1,'Log Out','2014-04-03 17:23:33'),(79,3,'Log in by mega from 10.211.55.2','2014-04-03 17:23:53'),(80,3,'Log Out','2014-04-03 18:14:19'),(81,1,'Log in by admin from 10.211.55.2','2014-04-03 18:14:24'),(82,1,'Log Out','2014-04-03 18:29:40'),(83,1,'Log in by admin from 10.211.55.2','2014-04-03 18:29:44'),(84,1,'Log in by admin from 10.211.55.2','2014-04-03 18:49:27'),(85,1,'Log Out','2014-04-03 20:02:09'),(86,0,'Failed Login Attempt from 10.211.55.2; Username:mega','2014-04-03 20:02:18'),(87,3,'Log in by mega from 10.211.55.2','2014-04-03 20:02:23'),(88,3,'Log Out','2014-04-03 20:06:28'),(89,1,'Log in by admin  from 10.211.55.2','2014-04-03 20:06:32'),(90,1,'Log Out','2014-04-03 20:08:48'),(91,3,'Log in by mega from 10.211.55.2','2014-04-05 04:44:27'),(92,3,'Log Out','2014-04-05 04:45:03'),(93,1,'Log in by admin from 10.211.55.2','2014-04-05 04:45:08'),(94,1,'Log Out','2014-04-05 04:45:32'),(95,1,'Log in by admin from 10.211.55.2','2014-04-05 04:48:36'),(96,1,'admin added a new document Hello World','2014-04-05 04:49:07'),(97,1,'admin added a new document Hello World','2014-04-05 04:57:47'),(98,1,'Log Out','2014-04-05 05:09:02'),(99,1,'Log in by admin from 10.211.55.2','2014-04-05 05:09:15'),(100,1,'admin added a new document Test','2014-04-05 05:09:53'),(101,1,'Log Out','2014-04-05 05:10:36'),(102,3,'Log in by mega from 10.211.55.2','2014-04-05 05:10:42'),(103,3,'mega added a new document Mega','2014-04-05 05:11:27'),(104,3,'Log Out','2014-04-05 05:11:33'),(105,0,'Failed Login Attempt from 10.211.55.2; Username:sean','2014-04-05 05:11:38'),(106,5,'Log in by sean from 10.211.55.2','2014-04-05 05:11:45'),(107,5,'sean added a new document sean','2014-04-05 05:12:09'),(108,5,'Log Out','2014-04-05 05:12:13'),(109,1,'Log in by admin from 10.211.55.2','2014-04-05 05:12:16'),(110,1,'Log Out','2014-04-05 05:13:26'),(111,1,'Log in by admin from 10.211.55.2','2014-04-06 16:01:34'),(112,1,'Log Out','2014-04-06 16:35:55'),(113,1,'Log in by admin from 10.211.55.2','2014-04-06 16:36:03'),(114,1,'admin added a new document Looking','2014-04-06 16:36:31');
/*!40000 ALTER TABLE `auditlogs` ENABLE KEYS */;
UNLOCK TABLES;

--
-- Table structure for table `documents`
--

DROP TABLE IF EXISTS `documents`;
/*!40101 SET @saved_cs_client     = @@character_set_client */;
/*!40101 SET character_set_client = utf8 */;
CREATE TABLE `documents` (
  `document_id` bigint(20) NOT NULL AUTO_INCREMENT,
  `user_id` bigint(20) NOT NULL,
  `title` text NOT NULL,
  `content` text,
  `signature` text,
  `date_added` datetime NOT NULL,
  `approved` varchar(20) DEFAULT 'FALSE',
  PRIMARY KEY (`document_id`)
) ENGINE=MyISAM AUTO_INCREMENT=22 DEFAULT CHARSET=latin1;
/*!40101 SET character_set_client = @saved_cs_client */;

--
-- Dumping data for table `documents`
--

LOCK TABLES `documents` WRITE;
/*!40000 ALTER TABLE `documents` DISABLE KEYS */;
INSERT INTO `documents` VALUES (17,1,'Hello World','HELLO WORLD! From Admin!','[{\"lx\":64,\"ly\":15,\"mx\":64,\"my\":14},{\"lx\":62,\"ly\":14,\"mx\":64,\"my\":15},{\"lx\":60,\"ly\":16,\"mx\":62,\"my\":14},{\"lx\":57,\"ly\":19,\"mx\":60,\"my\":16},{\"lx\":54,\"ly\":21,\"mx\":57,\"my\":19},{\"lx\":51,\"ly\":23,\"mx\":54,\"my\":21},{\"lx\":49,\"ly\":25,\"mx\":51,\"my\":23},{\"lx\":47,\"ly\":27,\"mx\":49,\"my\":25},{\"lx\":45,\"ly\":29,\"mx\":47,\"my\":27},{\"lx\":44,\"ly\":30,\"mx\":45,\"my\":29},{\"lx\":43,\"ly\":31,\"mx\":44,\"my\":30},{\"lx\":42,\"ly\":32,\"mx\":43,\"my\":31},{\"lx\":41,\"ly\":33,\"mx\":42,\"my\":32},{\"lx\":40,\"ly\":34,\"mx\":41,\"my\":33},{\"lx\":39,\"ly\":35,\"mx\":40,\"my\":34},{\"lx\":38,\"ly\":36,\"mx\":39,\"my\":35},{\"lx\":37,\"ly\":37,\"mx\":38,\"my\":36},{\"lx\":37,\"ly\":38,\"mx\":37,\"my\":37},{\"lx\":36,\"ly\":39,\"mx\":37,\"my\":38},{\"lx\":35,\"ly\":40,\"mx\":36,\"my\":39},{\"lx\":34,\"ly\":41,\"mx\":35,\"my\":40},{\"lx\":33,\"ly\":41,\"mx\":34,\"my\":41},{\"lx\":31,\"ly\":42,\"mx\":33,\"my\":41},{\"lx\":30,\"ly\":42,\"mx\":31,\"my\":42},{\"lx\":29,\"ly\":43,\"mx\":30,\"my\":42},{\"lx\":28,\"ly\":44,\"mx\":29,\"my\":43},{\"lx\":28,\"ly\":43,\"mx\":28,\"my\":44},{\"lx\":27,\"ly\":39,\"mx\":28,\"my\":43},{\"lx\":26,\"ly\":34,\"mx\":27,\"my\":39},{\"lx\":24,\"ly\":22,\"mx\":26,\"my\":34},{\"lx\":23,\"ly\":19,\"mx\":24,\"my\":22},{\"lx\":22,\"ly\":18,\"mx\":23,\"my\":19},{\"lx\":22,\"ly\":16,\"mx\":22,\"my\":18},{\"lx\":20,\"ly\":13,\"mx\":22,\"my\":16},{\"lx\":20,\"ly\":10,\"mx\":20,\"my\":13},{\"lx\":19,\"ly\":8,\"mx\":20,\"my\":10},{\"lx\":18,\"ly\":5,\"mx\":19,\"my\":8},{\"lx\":17,\"ly\":4,\"mx\":18,\"my\":5},{\"lx\":16,\"ly\":2,\"mx\":17,\"my\":4},{\"lx\":16,\"ly\":1,\"mx\":16,\"my\":2},{\"lx\":16,\"ly\":2,\"mx\":16,\"my\":1},{\"lx\":16,\"ly\":3,\"mx\":16,\"my\":2},{\"lx\":17,\"ly\":3,\"mx\":16,\"my\":3},{\"lx\":17,\"ly\":4,\"mx\":17,\"my\":3},{\"lx\":18,\"ly\":4,\"mx\":17,\"my\":4},{\"lx\":19,\"ly\":5,\"mx\":18,\"my\":4},{\"lx\":20,\"ly\":5,\"mx\":19,\"my\":5},{\"lx\":22,\"ly\":7,\"mx\":20,\"my\":5},{\"lx\":26,\"ly\":10,\"mx\":22,\"my\":7},{\"lx\":31,\"ly\":15,\"mx\":26,\"my\":10},{\"lx\":35,\"ly\":18,\"mx\":31,\"my\":15},{\"lx\":40,\"ly\":23,\"mx\":35,\"my\":18},{\"lx\":44,\"ly\":26,\"mx\":40,\"my\":23},{\"lx\":48,\"ly\":30,\"mx\":44,\"my\":26},{\"lx\":50,\"ly\":32,\"mx\":48,\"my\":30},{\"lx\":53,\"ly\":34,\"mx\":50,\"my\":32},{\"lx\":56,\"ly\":36,\"mx\":53,\"my\":34},{\"lx\":60,\"ly\":38,\"mx\":56,\"my\":36},{\"lx\":64,\"ly\":41,\"mx\":60,\"my\":38},{\"lx\":67,\"ly\":43,\"mx\":64,\"my\":41},{\"lx\":71,\"ly\":45,\"mx\":67,\"my\":43},{\"lx\":72,\"ly\":46,\"mx\":71,\"my\":45},{\"lx\":74,\"ly\":48,\"mx\":72,\"my\":46},{\"lx\":76,\"ly\":49,\"mx\":74,\"my\":48},{\"lx\":76,\"ly\":48,\"mx\":76,\"my\":49}]','2014-04-05 04:57:47','TRUE'),(18,1,'Test','This is just a test to see if this works','[{\"lx\":20,\"ly\":31,\"mx\":20,\"my\":30},{\"lx\":21,\"ly\":30,\"mx\":20,\"my\":31},{\"lx\":28,\"ly\":28,\"mx\":21,\"my\":30},{\"lx\":32,\"ly\":28,\"mx\":28,\"my\":28},{\"lx\":35,\"ly\":28,\"mx\":32,\"my\":28},{\"lx\":38,\"ly\":24,\"mx\":35,\"my\":28},{\"lx\":41,\"ly\":20,\"mx\":38,\"my\":24},{\"lx\":42,\"ly\":17,\"mx\":41,\"my\":20},{\"lx\":43,\"ly\":14,\"mx\":42,\"my\":17},{\"lx\":43,\"ly\":11,\"mx\":43,\"my\":14},{\"lx\":43,\"ly\":8,\"mx\":43,\"my\":11},{\"lx\":44,\"ly\":5,\"mx\":43,\"my\":8},{\"lx\":45,\"ly\":2,\"mx\":44,\"my\":5},{\"lx\":45,\"ly\":1,\"mx\":45,\"my\":2},{\"lx\":36,\"ly\":0,\"mx\":45,\"my\":1},{\"lx\":36,\"ly\":2,\"mx\":36,\"my\":0},{\"lx\":36,\"ly\":3,\"mx\":36,\"my\":2},{\"lx\":36,\"ly\":4,\"mx\":36,\"my\":3},{\"lx\":36,\"ly\":5,\"mx\":36,\"my\":4},{\"lx\":36,\"ly\":6,\"mx\":36,\"my\":5},{\"lx\":36,\"ly\":7,\"mx\":36,\"my\":6},{\"lx\":36,\"ly\":8,\"mx\":36,\"my\":7},{\"lx\":36,\"ly\":10,\"mx\":36,\"my\":8},{\"lx\":36,\"ly\":12,\"mx\":36,\"my\":10},{\"lx\":36,\"ly\":14,\"mx\":36,\"my\":12},{\"lx\":36,\"ly\":17,\"mx\":36,\"my\":14},{\"lx\":36,\"ly\":19,\"mx\":36,\"my\":17},{\"lx\":36,\"ly\":21,\"mx\":36,\"my\":19},{\"lx\":37,\"ly\":22,\"mx\":36,\"my\":21},{\"lx\":37,\"ly\":23,\"mx\":37,\"my\":22},{\"lx\":37,\"ly\":24,\"mx\":37,\"my\":23},{\"lx\":38,\"ly\":24,\"mx\":37,\"my\":24},{\"lx\":38,\"ly\":25,\"mx\":38,\"my\":24},{\"lx\":39,\"ly\":27,\"mx\":38,\"my\":25},{\"lx\":40,\"ly\":29,\"mx\":39,\"my\":27},{\"lx\":41,\"ly\":31,\"mx\":40,\"my\":29},{\"lx\":42,\"ly\":32,\"mx\":41,\"my\":31},{\"lx\":43,\"ly\":33,\"mx\":42,\"my\":32},{\"lx\":45,\"ly\":34,\"mx\":43,\"my\":33},{\"lx\":46,\"ly\":34,\"mx\":45,\"my\":34},{\"lx\":47,\"ly\":35,\"mx\":46,\"my\":34},{\"lx\":48,\"ly\":35,\"mx\":47,\"my\":35},{\"lx\":50,\"ly\":35,\"mx\":48,\"my\":35},{\"lx\":51,\"ly\":35,\"mx\":50,\"my\":35},{\"lx\":53,\"ly\":35,\"mx\":51,\"my\":35},{\"lx\":54,\"ly\":35,\"mx\":53,\"my\":35},{\"lx\":56,\"ly\":35,\"mx\":54,\"my\":35},{\"lx\":57,\"ly\":35,\"mx\":56,\"my\":35},{\"lx\":59,\"ly\":35,\"mx\":57,\"my\":35},{\"lx\":59,\"ly\":34,\"mx\":59,\"my\":35},{\"lx\":61,\"ly\":33,\"mx\":59,\"my\":34},{\"lx\":61,\"ly\":31,\"mx\":61,\"my\":33},{\"lx\":61,\"ly\":30,\"mx\":61,\"my\":31},{\"lx\":61,\"ly\":29,\"mx\":61,\"my\":30},{\"lx\":61,\"ly\":27,\"mx\":61,\"my\":29},{\"lx\":61,\"ly\":26,\"mx\":61,\"my\":27},{\"lx\":61,\"ly\":25,\"mx\":61,\"my\":26},{\"lx\":60,\"ly\":24,\"mx\":61,\"my\":25},{\"lx\":58,\"ly\":23,\"mx\":60,\"my\":24},{\"lx\":56,\"ly\":22,\"mx\":58,\"my\":23},{\"lx\":54,\"ly\":22,\"mx\":56,\"my\":22},{\"lx\":52,\"ly\":22,\"mx\":54,\"my\":22},{\"lx\":50,\"ly\":22,\"mx\":52,\"my\":22},{\"lx\":49,\"ly\":22,\"mx\":50,\"my\":22},{\"lx\":48,\"ly\":22,\"mx\":49,\"my\":22},{\"lx\":47,\"ly\":23,\"mx\":48,\"my\":22},{\"lx\":47,\"ly\":29,\"mx\":47,\"my\":23},{\"lx\":47,\"ly\":33,\"mx\":47,\"my\":29},{\"lx\":49,\"ly\":36,\"mx\":47,\"my\":33},{\"lx\":51,\"ly\":38,\"mx\":49,\"my\":36},{\"lx\":53,\"ly\":40,\"mx\":51,\"my\":38},{\"lx\":55,\"ly\":42,\"mx\":53,\"my\":40},{\"lx\":56,\"ly\":43,\"mx\":55,\"my\":42},{\"lx\":59,\"ly\":43,\"mx\":56,\"my\":43},{\"lx\":61,\"ly\":43,\"mx\":59,\"my\":43},{\"lx\":62,\"ly\":41,\"mx\":61,\"my\":43},{\"lx\":64,\"ly\":39,\"mx\":62,\"my\":41},{\"lx\":65,\"ly\":35,\"mx\":64,\"my\":39},{\"lx\":67,\"ly\":32,\"mx\":65,\"my\":35},{\"lx\":67,\"ly\":30,\"mx\":67,\"my\":32},{\"lx\":67,\"ly\":26,\"mx\":67,\"my\":30},{\"lx\":67,\"ly\":24,\"mx\":67,\"my\":26},{\"lx\":67,\"ly\":22,\"mx\":67,\"my\":24},{\"lx\":67,\"ly\":21,\"mx\":67,\"my\":22},{\"lx\":66,\"ly\":21,\"mx\":67,\"my\":21},{\"lx\":65,\"ly\":21,\"mx\":66,\"my\":21},{\"lx\":63,\"ly\":21,\"mx\":65,\"my\":21},{\"lx\":62,\"ly\":21,\"mx\":63,\"my\":21},{\"lx\":60,\"ly\":21,\"mx\":62,\"my\":21},{\"lx\":60,\"ly\":22,\"mx\":60,\"my\":21},{\"lx\":60,\"ly\":24,\"mx\":60,\"my\":22},{\"lx\":60,\"ly\":29,\"mx\":60,\"my\":24},{\"lx\":60,\"ly\":32,\"mx\":60,\"my\":29},{\"lx\":62,\"ly\":36,\"mx\":60,\"my\":32},{\"lx\":64,\"ly\":38,\"mx\":62,\"my\":36},{\"lx\":68,\"ly\":40,\"mx\":64,\"my\":38},{\"lx\":71,\"ly\":41,\"mx\":68,\"my\":40},{\"lx\":73,\"ly\":41,\"mx\":71,\"my\":41},{\"lx\":76,\"ly\":41,\"mx\":73,\"my\":41},{\"lx\":80,\"ly\":41,\"mx\":76,\"my\":41},{\"lx\":81,\"ly\":41,\"mx\":80,\"my\":41},{\"lx\":82,\"ly\":41,\"mx\":81,\"my\":41},{\"lx\":83,\"ly\":39,\"mx\":82,\"my\":41},{\"lx\":84,\"ly\":36,\"mx\":83,\"my\":39},{\"lx\":84,\"ly\":33,\"mx\":84,\"my\":36},{\"lx\":84,\"ly\":31,\"mx\":84,\"my\":33},{\"lx\":84,\"ly\":29,\"mx\":84,\"my\":31},{\"lx\":84,\"ly\":26,\"mx\":84,\"my\":29},{\"lx\":84,\"ly\":24,\"mx\":84,\"my\":26},{\"lx\":83,\"ly\":23,\"mx\":84,\"my\":24},{\"lx\":81,\"ly\":22,\"mx\":83,\"my\":23},{\"lx\":78,\"ly\":22,\"mx\":81,\"my\":22},{\"lx\":74,\"ly\":22,\"mx\":78,\"my\":22},{\"lx\":72,\"ly\":22,\"mx\":74,\"my\":22},{\"lx\":69,\"ly\":22,\"mx\":72,\"my\":22},{\"lx\":66,\"ly\":23,\"mx\":69,\"my\":22},{\"lx\":64,\"ly\":24,\"mx\":66,\"my\":23},{\"lx\":63,\"ly\":25,\"mx\":64,\"my\":24},{\"lx\":63,\"ly\":27,\"mx\":63,\"my\":25},{\"lx\":63,\"ly\":30,\"mx\":63,\"my\":27},{\"lx\":63,\"ly\":32,\"mx\":63,\"my\":30},{\"lx\":67,\"ly\":35,\"mx\":63,\"my\":32},{\"lx\":70,\"ly\":36,\"mx\":67,\"my\":35},{\"lx\":74,\"ly\":38,\"mx\":70,\"my\":36},{\"lx\":80,\"ly\":39,\"mx\":74,\"my\":38},{\"lx\":82,\"ly\":39,\"mx\":80,\"my\":39},{\"lx\":83,\"ly\":39,\"mx\":82,\"my\":39},{\"lx\":84,\"ly\":39,\"mx\":83,\"my\":39},{\"lx\":84,\"ly\":38,\"mx\":84,\"my\":39},{\"lx\":83,\"ly\":38,\"mx\":84,\"my\":38},{\"lx\":80,\"ly\":38,\"mx\":83,\"my\":38},{\"lx\":76,\"ly\":38,\"mx\":80,\"my\":38},{\"lx\":70,\"ly\":38,\"mx\":76,\"my\":38},{\"lx\":62,\"ly\":38,\"mx\":70,\"my\":38},{\"lx\":43,\"ly\":38,\"mx\":62,\"my\":38},{\"lx\":33,\"ly\":36,\"mx\":43,\"my\":38},{\"lx\":23,\"ly\":33,\"mx\":33,\"my\":36},{\"lx\":16,\"ly\":31,\"mx\":23,\"my\":33},{\"lx\":11,\"ly\":29,\"mx\":16,\"my\":31},{\"lx\":6,\"ly\":27,\"mx\":11,\"my\":29},{\"lx\":3,\"ly\":26,\"mx\":6,\"my\":27},{\"lx\":1,\"ly\":24,\"mx\":3,\"my\":26},{\"lx\":0,\"ly\":23,\"mx\":1,\"my\":24},{\"lx\":3,\"ly\":19,\"mx\":0,\"my\":23},{\"lx\":11,\"ly\":19,\"mx\":3,\"my\":19},{\"lx\":24,\"ly\":19,\"mx\":11,\"my\":19},{\"lx\":36,\"ly\":19,\"mx\":24,\"my\":19},{\"lx\":47,\"ly\":22,\"mx\":36,\"my\":19},{\"lx\":53,\"ly\":23,\"mx\":47,\"my\":22},{\"lx\":58,\"ly\":25,\"mx\":53,\"my\":23},{\"lx\":61,\"ly\":27,\"mx\":58,\"my\":25},{\"lx\":63,\"ly\":28,\"mx\":61,\"my\":27},{\"lx\":64,\"ly\":30,\"mx\":63,\"my\":28},{\"lx\":64,\"ly\":32,\"mx\":64,\"my\":30},{\"lx\":64,\"ly\":35,\"mx\":64,\"my\":32},{\"lx\":64,\"ly\":37,\"mx\":64,\"my\":35},{\"lx\":63,\"ly\":41,\"mx\":64,\"my\":37},{\"lx\":61,\"ly\":44,\"mx\":63,\"my\":41},{\"lx\":58,\"ly\":46,\"mx\":61,\"my\":44},{\"lx\":55,\"ly\":47,\"mx\":58,\"my\":46},{\"lx\":52,\"ly\":48,\"mx\":55,\"my\":47},{\"lx\":48,\"ly\":48,\"mx\":52,\"my\":48},{\"lx\":45,\"ly\":48,\"mx\":48,\"my\":48},{\"lx\":41,\"ly\":48,\"mx\":45,\"my\":48},{\"lx\":39,\"ly\":45,\"mx\":41,\"my\":48},{\"lx\":36,\"ly\":43,\"mx\":39,\"my\":45},{\"lx\":34,\"ly\":40,\"mx\":36,\"my\":43},{\"lx\":32,\"ly\":38,\"mx\":34,\"my\":40},{\"lx\":30,\"ly\":35,\"mx\":32,\"my\":38},{\"lx\":29,\"ly\":33,\"mx\":30,\"my\":35},{\"lx\":27,\"ly\":31,\"mx\":29,\"my\":33},{\"lx\":26,\"ly\":29,\"mx\":27,\"my\":31},{\"lx\":26,\"ly\":28,\"mx\":26,\"my\":29},{\"lx\":25,\"ly\":27,\"mx\":26,\"my\":28}]','2014-04-05 05:09:53','TRUE'),(19,3,'Mega','Hello Im mega. Who the hell are you?\r\n\r\n[admin comment]:\r\nThis is okay\r\n\r\nthis is NOT OKAY!!!','[{\"lx\":12,\"ly\":40,\"mx\":12,\"my\":39},{\"lx\":12,\"ly\":38,\"mx\":12,\"my\":40},{\"lx\":18,\"ly\":33,\"mx\":12,\"my\":38},{\"lx\":24,\"ly\":28,\"mx\":18,\"my\":33},{\"lx\":30,\"ly\":24,\"mx\":24,\"my\":28},{\"lx\":33,\"ly\":19,\"mx\":30,\"my\":24},{\"lx\":35,\"ly\":17,\"mx\":33,\"my\":19},{\"lx\":36,\"ly\":14,\"mx\":35,\"my\":17},{\"lx\":36,\"ly\":12,\"mx\":36,\"my\":14},{\"lx\":34,\"ly\":11,\"mx\":36,\"my\":12},{\"lx\":29,\"ly\":11,\"mx\":34,\"my\":11},{\"lx\":24,\"ly\":11,\"mx\":29,\"my\":11},{\"lx\":20,\"ly\":11,\"mx\":24,\"my\":11},{\"lx\":17,\"ly\":11,\"mx\":20,\"my\":11},{\"lx\":13,\"ly\":11,\"mx\":17,\"my\":11},{\"lx\":12,\"ly\":11,\"mx\":13,\"my\":11},{\"lx\":11,\"ly\":13,\"mx\":12,\"my\":11},{\"lx\":10,\"ly\":16,\"mx\":11,\"my\":13},{\"lx\":10,\"ly\":21,\"mx\":10,\"my\":16},{\"lx\":10,\"ly\":25,\"mx\":10,\"my\":21},{\"lx\":10,\"ly\":28,\"mx\":10,\"my\":25},{\"lx\":12,\"ly\":32,\"mx\":10,\"my\":28},{\"lx\":15,\"ly\":35,\"mx\":12,\"my\":32},{\"lx\":20,\"ly\":37,\"mx\":15,\"my\":35},{\"lx\":25,\"ly\":37,\"mx\":20,\"my\":37},{\"lx\":32,\"ly\":37,\"mx\":25,\"my\":37},{\"lx\":38,\"ly\":37,\"mx\":32,\"my\":37},{\"lx\":42,\"ly\":36,\"mx\":38,\"my\":37},{\"lx\":47,\"ly\":35,\"mx\":42,\"my\":36},{\"lx\":51,\"ly\":32,\"mx\":47,\"my\":35},{\"lx\":53,\"ly\":32,\"mx\":51,\"my\":32},{\"lx\":54,\"ly\":32,\"mx\":53,\"my\":32},{\"lx\":54,\"ly\":31,\"mx\":54,\"my\":32},{\"lx\":55,\"ly\":31,\"mx\":54,\"my\":31},{\"lx\":57,\"ly\":31,\"mx\":55,\"my\":31},{\"lx\":59,\"ly\":31,\"mx\":57,\"my\":31},{\"lx\":64,\"ly\":34,\"mx\":59,\"my\":31},{\"lx\":66,\"ly\":36,\"mx\":64,\"my\":34},{\"lx\":69,\"ly\":39,\"mx\":66,\"my\":36},{\"lx\":72,\"ly\":41,\"mx\":69,\"my\":39},{\"lx\":74,\"ly\":43,\"mx\":72,\"my\":41},{\"lx\":76,\"ly\":44,\"mx\":74,\"my\":43},{\"lx\":77,\"ly\":46,\"mx\":76,\"my\":44},{\"lx\":78,\"ly\":49,\"mx\":77,\"my\":46},{\"lx\":78,\"ly\":51,\"mx\":78,\"my\":49},{\"lx\":78,\"ly\":53,\"mx\":78,\"my\":51},{\"lx\":68,\"ly\":52,\"mx\":78,\"my\":53},{\"lx\":64,\"ly\":48,\"mx\":68,\"my\":52},{\"lx\":61,\"ly\":43,\"mx\":64,\"my\":48},{\"lx\":58,\"ly\":39,\"mx\":61,\"my\":43},{\"lx\":56,\"ly\":35,\"mx\":58,\"my\":39},{\"lx\":55,\"ly\":31,\"mx\":56,\"my\":35},{\"lx\":55,\"ly\":29,\"mx\":55,\"my\":31},{\"lx\":55,\"ly\":26,\"mx\":55,\"my\":29},{\"lx\":55,\"ly\":24,\"mx\":55,\"my\":26},{\"lx\":55,\"ly\":22,\"mx\":55,\"my\":24},{\"lx\":56,\"ly\":21,\"mx\":55,\"my\":22},{\"lx\":59,\"ly\":20,\"mx\":56,\"my\":21},{\"lx\":61,\"ly\":20,\"mx\":59,\"my\":20},{\"lx\":64,\"ly\":20,\"mx\":61,\"my\":20},{\"lx\":66,\"ly\":19,\"mx\":64,\"my\":20},{\"lx\":69,\"ly\":19,\"mx\":66,\"my\":19},{\"lx\":71,\"ly\":19,\"mx\":69,\"my\":19},{\"lx\":73,\"ly\":19,\"mx\":71,\"my\":19},{\"lx\":75,\"ly\":19,\"mx\":73,\"my\":19},{\"lx\":76,\"ly\":19,\"mx\":75,\"my\":19},{\"lx\":77,\"ly\":19,\"mx\":76,\"my\":19},{\"lx\":78,\"ly\":21,\"mx\":77,\"my\":19},{\"lx\":78,\"ly\":22,\"mx\":78,\"my\":21},{\"lx\":78,\"ly\":23,\"mx\":78,\"my\":22},{\"lx\":79,\"ly\":24,\"mx\":78,\"my\":23},{\"lx\":79,\"ly\":23,\"mx\":79,\"my\":24},{\"lx\":79,\"ly\":19,\"mx\":79,\"my\":23},{\"lx\":79,\"ly\":16,\"mx\":79,\"my\":19},{\"lx\":79,\"ly\":12,\"mx\":79,\"my\":16},{\"lx\":79,\"ly\":10,\"mx\":79,\"my\":12},{\"lx\":79,\"ly\":7,\"mx\":79,\"my\":10},{\"lx\":79,\"ly\":6,\"mx\":79,\"my\":7},{\"lx\":78,\"ly\":6,\"mx\":79,\"my\":6},{\"lx\":77,\"ly\":6,\"mx\":78,\"my\":6},{\"lx\":74,\"ly\":6,\"mx\":77,\"my\":6},{\"lx\":71,\"ly\":7,\"mx\":74,\"my\":6},{\"lx\":69,\"ly\":8,\"mx\":71,\"my\":7},{\"lx\":66,\"ly\":11,\"mx\":69,\"my\":8},{\"lx\":64,\"ly\":13,\"mx\":66,\"my\":11},{\"lx\":62,\"ly\":14,\"mx\":64,\"my\":13},{\"lx\":61,\"ly\":15,\"mx\":62,\"my\":14}]','2014-04-05 05:11:27','TRUE'),(20,5,'sean','hello im sean who the hell are you\r\n\r\n[edited by admin]:\r\nThis sucks.\r\n\r\nedit shit','[{\"lx\":7,\"ly\":49,\"mx\":7,\"my\":48},{\"lx\":8,\"ly\":46,\"mx\":7,\"my\":49},{\"lx\":10,\"ly\":45,\"mx\":8,\"my\":46},{\"lx\":12,\"ly\":43,\"mx\":10,\"my\":45},{\"lx\":14,\"ly\":42,\"mx\":12,\"my\":43},{\"lx\":15,\"ly\":40,\"mx\":14,\"my\":42},{\"lx\":16,\"ly\":38,\"mx\":15,\"my\":40},{\"lx\":17,\"ly\":37,\"mx\":16,\"my\":38},{\"lx\":18,\"ly\":35,\"mx\":17,\"my\":37},{\"lx\":18,\"ly\":34,\"mx\":18,\"my\":35},{\"lx\":20,\"ly\":33,\"mx\":18,\"my\":34},{\"lx\":20,\"ly\":31,\"mx\":20,\"my\":33},{\"lx\":21,\"ly\":30,\"mx\":20,\"my\":31},{\"lx\":21,\"ly\":27,\"mx\":21,\"my\":30},{\"lx\":21,\"ly\":26,\"mx\":21,\"my\":27},{\"lx\":21,\"ly\":25,\"mx\":21,\"my\":26},{\"lx\":21,\"ly\":24,\"mx\":21,\"my\":25},{\"lx\":21,\"ly\":23,\"mx\":21,\"my\":24},{\"lx\":21,\"ly\":22,\"mx\":21,\"my\":23},{\"lx\":21,\"ly\":21,\"mx\":21,\"my\":22},{\"lx\":21,\"ly\":20,\"mx\":21,\"my\":21},{\"lx\":20,\"ly\":20,\"mx\":21,\"my\":20},{\"lx\":17,\"ly\":19,\"mx\":20,\"my\":20},{\"lx\":16,\"ly\":19,\"mx\":17,\"my\":19},{\"lx\":16,\"ly\":20,\"mx\":16,\"my\":19},{\"lx\":16,\"ly\":22,\"mx\":16,\"my\":20},{\"lx\":16,\"ly\":24,\"mx\":16,\"my\":22},{\"lx\":16,\"ly\":27,\"mx\":16,\"my\":24},{\"lx\":16,\"ly\":31,\"mx\":16,\"my\":27},{\"lx\":16,\"ly\":33,\"mx\":16,\"my\":31},{\"lx\":16,\"ly\":35,\"mx\":16,\"my\":33},{\"lx\":16,\"ly\":37,\"mx\":16,\"my\":35},{\"lx\":16,\"ly\":38,\"mx\":16,\"my\":37},{\"lx\":16,\"ly\":39,\"mx\":16,\"my\":38},{\"lx\":16,\"ly\":40,\"mx\":16,\"my\":39},{\"lx\":16,\"ly\":42,\"mx\":16,\"my\":40},{\"lx\":16,\"ly\":44,\"mx\":16,\"my\":42},{\"lx\":16,\"ly\":46,\"mx\":16,\"my\":44},{\"lx\":17,\"ly\":48,\"mx\":16,\"my\":46},{\"lx\":17,\"ly\":50,\"mx\":17,\"my\":48},{\"lx\":17,\"ly\":51,\"mx\":17,\"my\":50},{\"lx\":17,\"ly\":52,\"mx\":17,\"my\":51},{\"lx\":17,\"ly\":53,\"mx\":17,\"my\":52},{\"lx\":17,\"ly\":54,\"mx\":17,\"my\":53},{\"lx\":16,\"ly\":54,\"mx\":17,\"my\":54},{\"lx\":15,\"ly\":54,\"mx\":16,\"my\":54},{\"lx\":14,\"ly\":54,\"mx\":15,\"my\":54},{\"lx\":13,\"ly\":54,\"mx\":14,\"my\":54},{\"lx\":12,\"ly\":54,\"mx\":13,\"my\":54},{\"lx\":12,\"ly\":53,\"mx\":12,\"my\":54},{\"lx\":11,\"ly\":53,\"mx\":12,\"my\":53},{\"lx\":11,\"ly\":52,\"mx\":11,\"my\":53},{\"lx\":11,\"ly\":51,\"mx\":11,\"my\":52},{\"lx\":11,\"ly\":49,\"mx\":11,\"my\":51},{\"lx\":11,\"ly\":48,\"mx\":11,\"my\":49},{\"lx\":11,\"ly\":47,\"mx\":11,\"my\":48},{\"lx\":11,\"ly\":46,\"mx\":11,\"my\":47},{\"lx\":10,\"ly\":46,\"mx\":11,\"my\":46},{\"lx\":10,\"ly\":45,\"mx\":10,\"my\":46},{\"lx\":9,\"ly\":45,\"mx\":10,\"my\":45},{\"lx\":9,\"ly\":43,\"mx\":9,\"my\":45},{\"lx\":7,\"ly\":42,\"mx\":9,\"my\":43},{\"lx\":6,\"ly\":42,\"mx\":7,\"my\":42},{\"lx\":6,\"ly\":41,\"mx\":6,\"my\":42},{\"lx\":6,\"ly\":42,\"mx\":6,\"my\":41},{\"lx\":6,\"ly\":43,\"mx\":6,\"my\":42},{\"lx\":9,\"ly\":46,\"mx\":6,\"my\":43},{\"lx\":10,\"ly\":47,\"mx\":9,\"my\":46},{\"lx\":11,\"ly\":48,\"mx\":10,\"my\":47},{\"lx\":13,\"ly\":49,\"mx\":11,\"my\":48},{\"lx\":14,\"ly\":50,\"mx\":13,\"my\":49},{\"lx\":15,\"ly\":50,\"mx\":14,\"my\":50},{\"lx\":17,\"ly\":51,\"mx\":15,\"my\":50},{\"lx\":19,\"ly\":51,\"mx\":17,\"my\":51},{\"lx\":20,\"ly\":51,\"mx\":19,\"my\":51},{\"lx\":21,\"ly\":51,\"mx\":20,\"my\":51},{\"lx\":22,\"ly\":51,\"mx\":21,\"my\":51},{\"lx\":23,\"ly\":51,\"mx\":22,\"my\":51},{\"lx\":24,\"ly\":52,\"mx\":23,\"my\":51},{\"lx\":25,\"ly\":52,\"mx\":24,\"my\":52},{\"lx\":26,\"ly\":52,\"mx\":25,\"my\":52},{\"lx\":28,\"ly\":52,\"mx\":26,\"my\":52},{\"lx\":29,\"ly\":52,\"mx\":28,\"my\":52},{\"lx\":29,\"ly\":51,\"mx\":29,\"my\":52},{\"lx\":30,\"ly\":50,\"mx\":29,\"my\":51},{\"lx\":31,\"ly\":49,\"mx\":30,\"my\":50},{\"lx\":31,\"ly\":48,\"mx\":31,\"my\":49},{\"lx\":31,\"ly\":47,\"mx\":31,\"my\":48},{\"lx\":31,\"ly\":46,\"mx\":31,\"my\":47},{\"lx\":31,\"ly\":45,\"mx\":31,\"my\":46},{\"lx\":31,\"ly\":44,\"mx\":31,\"my\":45},{\"lx\":30,\"ly\":44,\"mx\":31,\"my\":44},{\"lx\":29,\"ly\":43,\"mx\":30,\"my\":44},{\"lx\":27,\"ly\":43,\"mx\":29,\"my\":43},{\"lx\":26,\"ly\":43,\"mx\":27,\"my\":43},{\"lx\":25,\"ly\":42,\"mx\":26,\"my\":43},{\"lx\":24,\"ly\":42,\"mx\":25,\"my\":42},{\"lx\":24,\"ly\":43,\"mx\":24,\"my\":42},{\"lx\":24,\"ly\":44,\"mx\":24,\"my\":43},{\"lx\":24,\"ly\":45,\"mx\":24,\"my\":44},{\"lx\":24,\"ly\":46,\"mx\":24,\"my\":45},{\"lx\":24,\"ly\":47,\"mx\":24,\"my\":46},{\"lx\":24,\"ly\":48,\"mx\":24,\"my\":47},{\"lx\":24,\"ly\":49,\"mx\":24,\"my\":48},{\"lx\":25,\"ly\":49,\"mx\":24,\"my\":49},{\"lx\":27,\"ly\":50,\"mx\":25,\"my\":49},{\"lx\":29,\"ly\":50,\"mx\":27,\"my\":50},{\"lx\":30,\"ly\":50,\"mx\":29,\"my\":50},{\"lx\":31,\"ly\":51,\"mx\":30,\"my\":50},{\"lx\":32,\"ly\":51,\"mx\":31,\"my\":51},{\"lx\":33,\"ly\":51,\"mx\":32,\"my\":51},{\"lx\":34,\"ly\":51,\"mx\":33,\"my\":51},{\"lx\":35,\"ly\":51,\"mx\":34,\"my\":51},{\"lx\":36,\"ly\":51,\"mx\":35,\"my\":51},{\"lx\":37,\"ly\":51,\"mx\":36,\"my\":51},{\"lx\":38,\"ly\":50,\"mx\":37,\"my\":51},{\"lx\":38,\"ly\":49,\"mx\":38,\"my\":50},{\"lx\":39,\"ly\":48,\"mx\":38,\"my\":49},{\"lx\":40,\"ly\":47,\"mx\":39,\"my\":48},{\"lx\":41,\"ly\":47,\"mx\":40,\"my\":47},{\"lx\":43,\"ly\":46,\"mx\":41,\"my\":47},{\"lx\":43,\"ly\":44,\"mx\":43,\"my\":46},{\"lx\":44,\"ly\":44,\"mx\":43,\"my\":44},{\"lx\":44,\"ly\":43,\"mx\":44,\"my\":44},{\"lx\":44,\"ly\":42,\"mx\":44,\"my\":43},{\"lx\":44,\"ly\":41,\"mx\":44,\"my\":42},{\"lx\":44,\"ly\":40,\"mx\":44,\"my\":41},{\"lx\":43,\"ly\":40,\"mx\":44,\"my\":40},{\"lx\":42,\"ly\":40,\"mx\":43,\"my\":40},{\"lx\":41,\"ly\":40,\"mx\":42,\"my\":40},{\"lx\":41,\"ly\":41,\"mx\":41,\"my\":40},{\"lx\":41,\"ly\":43,\"mx\":41,\"my\":41},{\"lx\":41,\"ly\":46,\"mx\":41,\"my\":43},{\"lx\":41,\"ly\":48,\"mx\":41,\"my\":46},{\"lx\":41,\"ly\":50,\"mx\":41,\"my\":48},{\"lx\":41,\"ly\":52,\"mx\":41,\"my\":50},{\"lx\":41,\"ly\":53,\"mx\":41,\"my\":52},{\"lx\":42,\"ly\":54,\"mx\":41,\"my\":53},{\"lx\":46,\"ly\":53,\"mx\":42,\"my\":54},{\"lx\":46,\"ly\":50,\"mx\":46,\"my\":53},{\"lx\":46,\"ly\":49,\"mx\":46,\"my\":50},{\"lx\":46,\"ly\":47,\"mx\":46,\"my\":49},{\"lx\":46,\"ly\":46,\"mx\":46,\"my\":47},{\"lx\":46,\"ly\":45,\"mx\":46,\"my\":46},{\"lx\":47,\"ly\":45,\"mx\":46,\"my\":45},{\"lx\":49,\"ly\":47,\"mx\":47,\"my\":45},{\"lx\":50,\"ly\":48,\"mx\":49,\"my\":47},{\"lx\":52,\"ly\":49,\"mx\":50,\"my\":48},{\"lx\":53,\"ly\":49,\"mx\":52,\"my\":49},{\"lx\":54,\"ly\":49,\"mx\":53,\"my\":49},{\"lx\":55,\"ly\":49,\"mx\":54,\"my\":49},{\"lx\":56,\"ly\":49,\"mx\":55,\"my\":49},{\"lx\":56,\"ly\":48,\"mx\":56,\"my\":49},{\"lx\":56,\"ly\":47,\"mx\":56,\"my\":48},{\"lx\":57,\"ly\":46,\"mx\":56,\"my\":47},{\"lx\":58,\"ly\":46,\"mx\":57,\"my\":46},{\"lx\":59,\"ly\":46,\"mx\":58,\"my\":46},{\"lx\":60,\"ly\":45,\"mx\":59,\"my\":46},{\"lx\":61,\"ly\":45,\"mx\":60,\"my\":45},{\"lx\":62,\"ly\":45,\"mx\":61,\"my\":45},{\"lx\":63,\"ly\":43,\"mx\":62,\"my\":45},{\"lx\":64,\"ly\":43,\"mx\":63,\"my\":43},{\"lx\":65,\"ly\":43,\"mx\":64,\"my\":43}]','2014-04-05 05:12:09','TRUE'),(21,1,'Looking','This is my final test to make sure this project works.','[{\"lx\":14,\"ly\":13,\"mx\":14,\"my\":12},{\"lx\":15,\"ly\":12,\"mx\":14,\"my\":13},{\"lx\":22,\"ly\":11,\"mx\":15,\"my\":12},{\"lx\":23,\"ly\":10,\"mx\":22,\"my\":11},{\"lx\":25,\"ly\":10,\"mx\":23,\"my\":10},{\"lx\":26,\"ly\":10,\"mx\":25,\"my\":10},{\"lx\":29,\"ly\":10,\"mx\":26,\"my\":10},{\"lx\":31,\"ly\":11,\"mx\":29,\"my\":10},{\"lx\":34,\"ly\":13,\"mx\":31,\"my\":11},{\"lx\":36,\"ly\":14,\"mx\":34,\"my\":13},{\"lx\":38,\"ly\":15,\"mx\":36,\"my\":14},{\"lx\":39,\"ly\":15,\"mx\":38,\"my\":15},{\"lx\":40,\"ly\":15,\"mx\":39,\"my\":15},{\"lx\":41,\"ly\":15,\"mx\":40,\"my\":15},{\"lx\":42,\"ly\":15,\"mx\":41,\"my\":15},{\"lx\":43,\"ly\":15,\"mx\":42,\"my\":15},{\"lx\":44,\"ly\":15,\"mx\":43,\"my\":15},{\"lx\":45,\"ly\":15,\"mx\":44,\"my\":15},{\"lx\":46,\"ly\":15,\"mx\":45,\"my\":15},{\"lx\":47,\"ly\":15,\"mx\":46,\"my\":15},{\"lx\":49,\"ly\":15,\"mx\":47,\"my\":15},{\"lx\":49,\"ly\":16,\"mx\":49,\"my\":15},{\"lx\":50,\"ly\":16,\"mx\":49,\"my\":16},{\"lx\":51,\"ly\":16,\"mx\":50,\"my\":16},{\"lx\":34,\"ly\":14,\"mx\":34,\"my\":13},{\"lx\":34,\"ly\":16,\"mx\":34,\"my\":14},{\"lx\":34,\"ly\":19,\"mx\":34,\"my\":16},{\"lx\":34,\"ly\":22,\"mx\":34,\"my\":19},{\"lx\":34,\"ly\":25,\"mx\":34,\"my\":22},{\"lx\":34,\"ly\":27,\"mx\":34,\"my\":25},{\"lx\":34,\"ly\":29,\"mx\":34,\"my\":27},{\"lx\":34,\"ly\":30,\"mx\":34,\"my\":29},{\"lx\":34,\"ly\":32,\"mx\":34,\"my\":30},{\"lx\":34,\"ly\":34,\"mx\":34,\"my\":32},{\"lx\":34,\"ly\":35,\"mx\":34,\"my\":34},{\"lx\":34,\"ly\":38,\"mx\":34,\"my\":35},{\"lx\":34,\"ly\":39,\"mx\":34,\"my\":38}]','2014-04-06 16:36:31','TRUE');
/*!40000 ALTER TABLE `documents` ENABLE KEYS */;
UNLOCK TABLES;

--
-- Table structure for table `users`
--

DROP TABLE IF EXISTS `users`;
/*!40101 SET @saved_cs_client     = @@character_set_client */;
/*!40101 SET character_set_client = utf8 */;
CREATE TABLE `users` (
  `user_id` int(10) NOT NULL AUTO_INCREMENT,
  `name` varchar(50) NOT NULL,
  `password` text NOT NULL,
  `email` varchar(200) NOT NULL,
  `group` int(11) NOT NULL,
  `last_login` datetime NOT NULL,
  `created_on` datetime NOT NULL,
  `pen_thickness` varchar(10) DEFAULT NULL,
  PRIMARY KEY (`user_id`)
) ENGINE=InnoDB AUTO_INCREMENT=6 DEFAULT CHARSET=latin1;
/*!40101 SET character_set_client = @saved_cs_client */;

--
-- Dumping data for table `users`
--

LOCK TABLES `users` WRITE;
/*!40000 ALTER TABLE `users` DISABLE KEYS */;
INSERT INTO `users` VALUES (1,'admin','098f6bcd4621d373cade4e832627b4f6','test@test.com',100,'2014-04-06 16:36:03','2014-03-14 15:21:31','19'),(3,'mega','098f6bcd4621d373cade4e832627b4f6','test@test.com',1,'2014-04-05 05:10:42','2014-03-06 19:28:36','18'),(5,'sean','3426b9bf447055c8c70374624bf7d13e','seanmcd@test.com',100,'2014-04-05 05:11:45','2014-04-02 13:49:08',NULL);
/*!40000 ALTER TABLE `users` ENABLE KEYS */;
UNLOCK TABLES;
/*!40103 SET TIME_ZONE=@OLD_TIME_ZONE */;

/*!40101 SET SQL_MODE=@OLD_SQL_MODE */;
/*!40014 SET FOREIGN_KEY_CHECKS=@OLD_FOREIGN_KEY_CHECKS */;
/*!40014 SET UNIQUE_CHECKS=@OLD_UNIQUE_CHECKS */;
/*!40101 SET CHARACTER_SET_CLIENT=@OLD_CHARACTER_SET_CLIENT */;
/*!40101 SET CHARACTER_SET_RESULTS=@OLD_CHARACTER_SET_RESULTS */;
/*!40101 SET COLLATION_CONNECTION=@OLD_COLLATION_CONNECTION */;
/*!40111 SET SQL_NOTES=@OLD_SQL_NOTES */;

-- Dump completed on 2014-04-06 16:46:58
